 ,Label,Area,Mean,Min,Max
1,D66-G1-T8.1.JPG,34,0.0000,0,0
2,D66-G1-T8.1.JPG,218,100.5963,0,255
3,D66-G1-T8.1.JPG,90,167.1667,0,255
4,D66-G1-T8.1.JPG,514,203.4047,0,255
5,D66-G1-T8.1.JPG,222,136.6892,0,255
6,D66-G1-T8.1.JPG,245,0.0000,0,0
7,D66-G1-T8.1.JPG,411,143.3212,0,255
8,D66-G1-T8.1.JPG,478,150.4393,0,255
9,D66-G1-T8.1.JPG,646,159.4737,0,255
10,D66-G1-T8.1.JPG,118,0.0000,0,0
11,D66-G1-T8.1.JPG,379,143.3113,0,255
12,D66-G1-T8.1.JPG,544,0.9375,0,255
13,D66-G1-T8.1.JPG,722,95.0069,0,255
14,D66-G1-T8.1.JPG,442,108.4615,0,255
15,D66-G1-T8.1.JPG,362,0.0000,0,0
16,D66-G1-T8.1.JPG,416,161.8269,0,255
17,D66-G1-T8.1.JPG,1031,94.7284,0,255
18,D66-G1-T8.1.JPG,1248,107.6803,0,255
19,D66-G1-T8.1.JPG,210,153.0000,0,255
20,D66-G1-T8.1.JPG,471,126.1465,0,255
21,D66-G1-T8.1.JPG,1437,109.1336,0,255
22,D66-G1-T8.1.JPG,27,0.0000,0,0
23,D66-G1-T8.1.JPG,315,142.4762,0,255
24,D66-G1-T8.1.JPG,254,98.3858,0,255
25,D66-G1-T8.1.JPG,153,78.3333,0,255
26,D66-G1-T8.1.JPG,465,115.1613,0,255
27,D66-G1-T8.1.JPG,506,108.8538,0,255
28,D66-G1-T8.1.JPG,696,85.3664,0,255
29,D66-G1-T8.1.JPG,1100,92.2636,0,255
30,D66-G1-T8.1.JPG,742,138.4973,0,255
31,D66-G1-T8.1.JPG,528,73.4091,0,255
32,D66-G1-T8.1.JPG,456,150.9868,0,255
33,D66-G1-T8.1.JPG,165,0.0000,0,0
34,D66-G1-T8.1.JPG,197,124.2640,0,255
35,D66-G1-T8.1.JPG,428,146.5654,0,255
36,D66-G1-T8.1.JPG,9,0.0000,0,0
37,D66-G1-T8.1.JPG,662,24.2674,0,255
38,D66-G1-T8.1.JPG,439,84.8064,0,255
39,D66-G1-T8.1.JPG,375,170.6800,0,255
40,D66-G1-T8.1.JPG,736,115.7201,0,255
41,D66-G1-T8.1.JPG,457,139.4967,0,255
42,D66-G1-T8.1.JPG,448,117.8237,0,255
43,D66-G1-T8.1.JPG,21,0.0000,0,0
44,D66-G1-T8.1.JPG,447,150.6040,0,255
45,D66-G1-T8.1.JPG,566,141.9170,0,255
46,D66-G1-T8.1.JPG,435,142.4483,0,255
47,D66-G1-T8.1.JPG,361,132.7978,0,255
48,D66-G1-T8.1.JPG,18,0.0000,0,0
49,D66-G1-T8.1.JPG,767,77.7966,0,255
50,D66-G1-T8.1.JPG,244,12.5410,0,255
51,D66-G1-T8.1.JPG,8,0.0000,0,0
52,D66-G1-T8.1.JPG,566,149.5760,0,255
53,D66-G1-T8.1.JPG,763,147.7195,0,255
54,D66-G1-T8.1.JPG,539,147.6067,0,255
55,D66-G1-T8.1.JPG,250,92.8200,0,255
56,D66-G1-T8.1.JPG,479,31.4092,0,255
57,D66-G1-T8.1.JPG,543,151.2155,0,255
58,D66-G1-T8.1.JPG,472,109.1314,0,255
59,D66-G1-T8.1.JPG,99,0.0000,0,0
60,D66-G1-T8.1.JPG,149,0.0000,0,0
61,D66-G1-T8.1.JPG,557,91.1041,0,255
62,D66-G1-T8.1.JPG,340,155.2500,0,255
63,D66-G1-T8.1.JPG,321,155.7009,0,255
64,D66-G1-T8.1.JPG,426,42.5000,0,255
65,D66-G1-T8.1.JPG,420,51.0000,0,255
66,D66-G1-T8.1.JPG,402,105.2985,0,255
67,D66-G1-T8.1.JPG,283,31.5371,0,255
68,D66-G1-T8.1.JPG,248,127.5000,0,255
69,D66-G1-T8.1.JPG,481,125.1143,0,255
70,D66-G1-T8.1.JPG,77,0.0000,0,0
71,D66-G1-T8.1.JPG,2,0.0000,0,0
72,D66-G1-T8.1.JPG,463,63.8877,0,255
73,D66-G1-T8.1.JPG,200,85.4250,0,255
74,D66-G1-T8.1.JPG,373,123.7399,0,255
75,D66-G1-T8.1.JPG,361,117.2576,0,255
76,D66-G1-T8.1.JPG,345,54.6957,0,255
77,D66-G1-T8.1.JPG,20,0.0000,0,0
78,D66-G1-T8.1.JPG,268,111.3246,0,255
79,D66-G1-T8.1.JPG,298,94.1275,0,255
80,D66-G1-T8.1.JPG,733,124.1951,0,255
81,D66-G1-T8.1.JPG,294,20.8163,0,255
82,D66-G1-T8.1.JPG,594,163.5606,0,255
83,D66-G1-T8.1.JPG,341,2.9912,0,255
84,D66-G1-T8.1.JPG,314,103.1369,0,255
85,D66-G1-T8.1.JPG,766,90.2154,0,255
86,D66-G1-T8.1.JPG,83,0.0000,0,0
87,D66-G1-T8.1.JPG,70,102.0000,0,255
88,D66-G1-T8.1.JPG,581,87.3408,0,255
89,D66-G1-T8.1.JPG,300,79.9000,0,255
90,D66-G1-T8.1.JPG,78,0.0000,0,0
91,D66-G1-T8.1.JPG,968,107.4793,0,255
92,D66-G1-T8.1.JPG,10,0.0000,0,0
93,D66-G1-T8.1.JPG,284,89.7887,0,255
94,D66-G1-T8.1.JPG,175,26.2286,0,255
95,D66-G1-T8.1.JPG,343,125.6414,0,255
96,D66-G1-T8.1.JPG,354,174.3220,0,255
97,D66-G1-T8.1.JPG,683,131.7936,0,255
98,D66-G1-T8.1.JPG,550,79.2818,0,255
99,D66-G1-T8.1.JPG,118,0.0000,0,0
100,D66-G1-T8.1.JPG,244,72.1107,0,255
101,D66-G1-T8.1.JPG,69,0.0000,0,0
102,D66-G1-T8.1.JPG,313,105.0958,0,255
103,D66-G1-T8.1.JPG,419,69.3795,0,255
104,D66-G1-T8.1.JPG,262,145.0191,0,255
105,D66-G1-T8.1.JPG,207,107.1739,0,255
106,D66-G1-T8.1.JPG,619,111.6397,0,255
107,D66-G1-T8.1.JPG,732,113.2172,0,255
108,D66-G1-T8.1.JPG,8,0.0000,0,0
109,D66-G1-T8.1.JPG,273,73.7912,0,255
110,D66-G1-T8.1.JPG,517,104.5648,0,255
111,D66-G1-T8.1.JPG,373,0.0000,0,0
112,D66-G1-T8.1.JPG,443,143.3296,0,255
113,D66-G1-T8.1.JPG,450,112.7667,0,255
114,D66-G1-T8.1.JPG,290,97.6034,0,255
115,D66-G1-T8.1.JPG,318,116.2736,0,255
116,D66-G1-T8.1.JPG,566,88.3039,0,255
117,D66-G1-T8.1.JPG,461,116.1605,0,255
118,D66-G1-T8.1.JPG,999,124.0541,0,255
119,D66-G1-T8.1.JPG,461,169.8156,0,255
120,D66-G1-T8.1.JPG,318,39.2925,0,255
121,D66-G1-T8.1.JPG,4,0.0000,0,0
122,D66-G1-T8.1.JPG,242,153.8430,0,255
123,D66-G1-T8.1.JPG,313,124.6486,0,255
124,D66-G1-T8.1.JPG,500,161.1600,0,255
125,D66-G1-T8.1.JPG,564,102.6330,0,255
126,D66-G1-T8.1.JPG,377,127.8382,0,255
127,D66-G1-T8.1.JPG,239,98.1590,0,255
128,D66-G1-T8.1.JPG,301,153.3389,0,255
129,D66-G1-T8.1.JPG,565,139.0088,0,255
130,D66-G1-T8.1.JPG,485,146.6907,0,255
131,D66-G1-T8.1.JPG,7,0.0000,0,0
132,D66-G1-T8.1.JPG,646,145.2632,0,255
133,D66-G1-T8.1.JPG,182,0.0000,0,0
134,D66-G1-T8.1.JPG,441,82.6871,0,255
135,D66-G1-T8.1.JPG,398,91.6206,0,255
136,D66-G1-T8.1.JPG,472,112.3729,0,255
137,D66-G1-T8.1.JPG,585,134.6923,0,255
138,D66-G1-T8.1.JPG,344,126.0174,0,255
139,D66-G1-T8.1.JPG,231,72.8571,0,255
140,D66-G1-T8.1.JPG,509,117.7308,0,255
141,D66-G1-T8.1.JPG,685,166.0292,0,255
142,D66-G1-T8.1.JPG,293,9.5734,0,255
143,D66-G1-T8.1.JPG,6,0.0000,0,0
144,D66-G1-T8.1.JPG,481,119.8129,0,255
145,D66-G1-T8.1.JPG,321,143.7850,0,255
146,D66-G1-T8.1.JPG,107,0.0000,0,0
147,D66-G1-T8.1.JPG,291,99.8969,0,255
148,D66-G1-T8.1.JPG,360,116.8750,0,255
149,D66-G1-T8.1.JPG,216,94.4444,0,255
150,D66-G1-T8.1.JPG,420,153.6071,0,255
151,D66-G1-T8.1.JPG,384,146.7578,0,255
152,D66-G1-T8.1.JPG,633,120.0474,0,255
153,D66-G1-T8.1.JPG,619,7.0032,0,255
154,D66-G1-T8.1.JPG,446,161.8049,0,255
155,D66-G1-T8.1.JPG,190,44.2895,0,255
156,D66-G1-T8.1.JPG,458,140.8624,0,255
157,D66-G1-T8.1.JPG,208,2.4519,0,255
158,D66-G1-T8.1.JPG,383,85.2219,0,255
159,D66-G1-T8.1.JPG,546,104.6154,0,255
160,D66-G1-T8.1.JPG,210,0.0000,0,0
161,D66-G1-T8.1.JPG,406,141.3177,0,255
162,D66-G1-T8.1.JPG,280,84.6964,0,255
163,D66-G1-T8.1.JPG,201,65.9701,0,255
164,D66-G1-T8.1.JPG,315,138.4286,0,255
165,D66-G1-T8.1.JPG,565,156.6106,0,255
166,D66-G1-T8.1.JPG,604,94.1474,0,255
167,D66-G1-T8.1.JPG,324,150.3241,0,255
168,D66-G1-T8.1.JPG,801,81.4981,0,255
169,D66-G1-T8.1.JPG,412,113.2646,0,255
170,D66-G1-T8.1.JPG,227,52.7974,0,255
171,D66-G1-T8.1.JPG,332,94.4729,0,255
172,D66-G1-T8.1.JPG,616,146.5422,0,255
173,D66-G1-T8.1.JPG,246,100.5488,0,255
174,D66-G1-T8.1.JPG,271,156.1993,0,255
175,D66-G1-T8.1.JPG,361,115.8449,0,255
176,D66-G1-T8.1.JPG,923,53.3207,0,255
177,D66-G1-T8.1.JPG,388,157.0747,0,255
178,D66-G1-T8.1.JPG,486,134.3210,0,255
179,D66-G1-T8.1.JPG,396,139.7348,0,255
180,D66-G1-T8.1.JPG,527,117.0968,0,255
181,D66-G1-T8.1.JPG,224,75.1339,0,255
182,D66-G1-T8.1.JPG,387,126.5116,0,255
183,D66-G1-T8.1.JPG,1339,110.8364,0,255
184,D66-G1-T8.1.JPG,784,144.0880,0,255
185,D66-G1-T8.1.JPG,442,175.9615,0,255
186,D66-G1-T8.1.JPG,171,71.5789,0,255
187,D66-G1-T8.1.JPG,344,115.6395,0,255
188,D66-G1-T8.1.JPG,496,141.8952,0,255
189,D66-G1-T8.1.JPG,611,100.9984,0,255
190,D66-G1-T8.1.JPG,314,111.2580,0,255
191,D66-G1-T8.1.JPG,315,143.2857,0,255
192,D66-G1-T8.1.JPG,455,145.1538,0,255
193,D66-G1-T8.1.JPG,200,112.2000,0,255
194,D66-G1-T8.1.JPG,241,87.8216,0,255
195,D66-G1-T8.1.JPG,922,27.3807,0,255
196,D66-G1-T8.1.JPG,108,0.0000,0,0
197,D66-G1-T8.1.JPG,459,133.8889,0,255
198,D66-G1-T8.1.JPG,211,60.4265,0,255
199,D66-G1-T8.1.JPG,635,121.6772,0,255
200,D66-G1-T8.1.JPG,179,0.0000,0,0
201,D66-G1-T8.1.JPG,171,56.6667,0,255
202,D66-G1-T8.1.JPG,960,47.0156,0,255
203,D66-G1-T8.1.JPG,289,122.6471,0,255
204,D66-G1-T8.1.JPG,459,92.2222,0,255
205,D66-G1-T8.1.JPG,522,148.0172,0,255
206,D66-G1-T8.1.JPG,340,130.5000,0,255
207,D66-G1-T8.1.JPG,618,118.4223,0,255
208,D66-G1-T8.1.JPG,282,74.1489,0,255
209,D66-G1-T8.1.JPG,276,151.5217,0,255
210,D66-G1-T8.1.JPG,233,25.1717,0,255
211,D66-G1-T8.1.JPG,589,145.0340,0,255
212,D66-G1-T8.1.JPG,293,6.0922,0,255
213,D66-G1-T8.1.JPG,561,49.5455,0,255
214,D66-G1-T8.1.JPG,355,105.5915,0,255
215,D66-G1-T8.1.JPG,1327,146.4280,0,255
216,D66-G1-T8.1.JPG,206,32.1845,0,255
217,D66-G1-T8.1.JPG,514,130.4767,0,255
218,D66-G1-T8.1.JPG,223,146.3677,0,255
219,D66-G1-T8.1.JPG,240,68.0000,0,255
220,D66-G1-T8.1.JPG,295,138.3051,0,255
221,D66-G1-T8.1.JPG,487,145.5647,0,255
222,D66-G1-T8.1.JPG,317,51.4826,0,255
223,D66-G1-T8.1.JPG,369,110.5691,0,255
224,D66-G1-T8.1.JPG,327,123.2110,0,255
225,D66-G1-T8.1.JPG,307,8.3062,0,255
226,D66-G1-T8.1.JPG,442,141.9231,0,255
227,D66-G1-T8.1.JPG,468,131.3141,0,255
228,D66-G1-T8.1.JPG,342,76.7982,0,255
229,D66-G1-T8.1.JPG,328,134.4970,0,255
230,D66-G1-T8.1.JPG,812,97.3522,0,255
231,D66-G1-T8.1.JPG,286,49.9301,0,255
232,D66-G1-T8.1.JPG,360,145.2083,0,255
233,D66-G1-T8.1.JPG,350,112.2000,0,255
234,D66-G1-T8.1.JPG,250,135.6600,0,255
235,D66-G1-T8.1.JPG,310,149.7097,0,255
236,D66-G1-T8.1.JPG,390,112.4615,0,255
237,D66-G1-T8.1.JPG,260,100.0385,0,255
238,D66-G1-T8.1.JPG,738,7.2561,0,255
239,D66-G1-T8.1.JPG,197,143.6802,0,255
240,D66-G1-T8.1.JPG,260,117.6923,0,255
241,D66-G1-T8.1.JPG,365,136.9315,0,255
242,D66-G1-T8.1.JPG,363,96.2397,0,255
243,D66-G1-T8.1.JPG,257,103.1907,0,255
244,D66-G1-T8.1.JPG,608,78.0099,0,255
245,D66-G1-T8.1.JPG,276,113.6413,0,255
246,D66-G1-T8.1.JPG,342,137.9386,0,255
247,D66-G1-T8.1.JPG,202,123.7129,0,255
248,D66-G1-T8.1.JPG,233,33.9270,0,255
249,D66-G1-T8.1.JPG,561,144.5455,0,255
250,D66-G1-T8.1.JPG,384,125.5078,0,255
251,D66-G1-T8.1.JPG,251,133.0876,0,255
252,D66-G1-T8.1.JPG,14,0.0000,0,0
253,D66-G1-T8.1.JPG,318,48.9151,0,255
254,D66-G1-T8.1.JPG,181,76.0773,0,255
255,D66-G1-T8.1.JPG,467,158.3512,0,255
256,D66-G1-T8.1.JPG,400,115.3875,0,255
257,D66-G1-T8.1.JPG,872,0.0000,0,0
258,D66-G1-T8.1.JPG,538,148.8290,0,255
259,D66-G1-T8.1.JPG,289,153.5294,0,255
260,D66-G1-T8.1.JPG,236,0.0000,0,0
261,D66-G1-T8.1.JPG,307,99.6743,0,255
262,D66-G1-T8.1.JPG,92,0.0000,0,0
263,D66-G1-T8.1.JPG,515,113.3883,0,255
264,D66-G1-T8.1.JPG,296,99.9324,0,255
265,D66-G1-T8.1.JPG,504,0.0000,0,0
266,D66-G1-T8.1.JPG,331,90.9063,0,255
267,D66-G1-T8.1.JPG,269,127.0260,0,255
268,D66-G1-T8.1.JPG,62,94.5968,0,255
269,D66-G1-T8.1.JPG,278,99.9820,0,255
270,D66-G1-T8.1.JPG,482,58.1950,0,255
271,D66-G1-T8.1.JPG,334,96.9611,0,255
272,D66-G1-T8.1.JPG,677,83.6189,0,255
273,D66-G1-T8.1.JPG,529,59.2911,0,255
274,D66-G1-T8.1.JPG,196,42.9337,0,255
275,D66-G1-T8.1.JPG,452,160.2212,0,255
276,D66-G1-T8.1.JPG,423,102.4823,0,255
277,D66-G1-T8.1.JPG,387,169.3411,0,255
278,D66-G1-T8.1.JPG,202,85.8416,0,255
279,D66-G1-T8.1.JPG,353,86.6856,0,255
280,D66-G1-T8.1.JPG,292,127.5000,0,255
281,D66-G1-T8.1.JPG,430,17.7907,0,255
282,D66-G1-T8.1.JPG,36,0.0000,0,0
283,D66-G1-T8.1.JPG,326,124.3712,0,255
284,D66-G1-T8.1.JPG,96,0.0000,0,0
285,D66-G1-T8.1.JPG,356,140.3933,0,255
286,D66-G1-T8.1.JPG,256,59.7656,0,255
287,D66-G1-T8.1.JPG,772,115.2785,0,255
288,D66-G1-T8.1.JPG,256,151.4062,0,255
289,D66-G1-T8.1.JPG,478,136.0356,0,255
290,D66-G1-T8.1.JPG,504,78.9286,0,255
291,D66-G1-T8.1.JPG,552,133.0435,0,255
292,D66-G1-T8.1.JPG,46,0.0000,0,0
293,D66-G1-T8.1.JPG,371,72.1698,0,255
294,D66-G1-T8.1.JPG,470,135.0957,0,255
295,D66-G1-T8.1.JPG,412,142.9733,0,255
296,D66-G1-T8.1.JPG,189,60.7143,0,255
297,D66-G1-T8.1.JPG,812,121.8473,0,255
298,D66-G1-T8.1.JPG,457,133.9168,0,255
299,D66-G1-T8.1.JPG,613,44.0946,0,255
300,D66-G1-T8.1.JPG,369,38.6992,0,255
301,D66-G1-T8.1.JPG,631,84.4612,0,255
302,D66-G1-T8.1.JPG,216,94.4444,0,255
303,D66-G1-T8.1.JPG,781,175.0064,0,255
304,D66-G1-T8.1.JPG,304,118.2730,0,255
305,D66-G1-T8.1.JPG,360,87.1250,0,255
306,D66-G1-T8.1.JPG,496,160.4032,0,255
307,D66-G1-T8.1.JPG,676,158.0547,0,255
308,D66-G1-T8.1.JPG,266,114.0789,0,255
309,D66-G1-T8.1.JPG,69,0.0000,0,0
310,D66-G1-T8.1.JPG,411,108.5766,0,255
311,D66-G1-T8.1.JPG,647,126.9088,0,255
312,D66-G1-T8.1.JPG,391,109.5652,0,255
313,D66-G1-T8.1.JPG,107,0.0000,0,0
314,D66-G1-T8.1.JPG,464,148.3836,0,255
315,D66-G1-T8.1.JPG,850,117.6000,0,255
316,D66-G1-T8.1.JPG,2018,127.7527,0,255
317,D66-G1-T8.1.JPG,353,161.0907,0,255
318,D66-G1-T8.1.JPG,307,0.0000,0,0
319,D66-G1-T8.1.JPG,255,85.0000,0,255
320,D66-G1-T8.1.JPG,349,141.7479,0,255
321,D66-G1-T8.1.JPG,421,76.9240,0,255
322,D66-G1-T8.1.JPG,339,126.3717,0,255
323,D66-G1-T8.1.JPG,236,0.0000,0,0
324,D66-G1-T8.1.JPG,350,127.5000,0,255
325,D66-G1-T8.1.JPG,609,81.2315,0,255
326,D66-G1-T8.1.JPG,436,67.2592,0,255
327,D66-G1-T8.1.JPG,255,114.0000,0,255
328,D66-G1-T8.1.JPG,706,148.8102,0,255
329,D66-G1-T8.1.JPG,492,166.8902,0,255
330,D66-G1-T8.1.JPG,305,83.6066,0,255
331,D66-G1-T8.1.JPG,329,75.1824,0,255
332,D66-G1-T8.1.JPG,303,75.7426,0,255
333,D66-G1-T8.1.JPG,423,112.1277,0,255
334,D66-G1-T8.1.JPG,309,108.9320,0,255
335,D66-G1-T8.1.JPG,610,132.0984,0,255
336,D66-G1-T8.1.JPG,485,133.5464,0,255
337,D66-G1-T8.1.JPG,242,116.9628,0,255
338,D66-G1-T8.1.JPG,580,105.0776,0,255
339,D66-G1-T8.1.JPG,402,142.7239,0,255
340,D66-G1-T8.1.JPG,258,161.1047,0,255
341,D66-G1-T8.1.JPG,332,20.7380,0,255
342,D66-G1-T8.1.JPG,566,104.9735,0,255
343,D66-G1-T8.1.JPG,238,0.0000,0,0
344,D66-G1-T8.1.JPG,389,95.0514,0,255
345,D66-G1-T8.1.JPG,208,0.0000,0,0
346,D66-G1-T8.1.JPG,382,23.3639,0,255
347,D66-G1-T8.1.JPG,782,107.6087,0,255
348,D66-G1-T8.1.JPG,241,0.0000,0,0
349,D66-G1-T8.1.JPG,316,20.1741,0,255
350,D66-G1-T8.1.JPG,146,55.8904,0,255
351,D66-G1-T8.1.JPG,188,5.4255,0,255
352,D66-G1-T8.1.JPG,219,34.9315,0,255
353,D66-G1-T8.1.JPG,305,136.2787,0,255
354,D66-G1-T8.1.JPG,320,62.1562,0,255
355,D66-G1-T8.1.JPG,404,83.9480,0,255
356,D66-G1-T8.1.JPG,253,43.3399,0,255
357,D66-G1-T8.1.JPG,370,84.7703,0,255
358,D66-G1-T8.1.JPG,270,143.5556,0,255
359,D66-G1-T8.1.JPG,108,0.0000,0,0
360,D66-G1-T8.1.JPG,424,86.0024,0,255
361,D66-G1-T8.1.JPG,103,49.5146,0,255
362,D66-G1-T8.1.JPG,75,0.0000,0,0
363,D66-G1-T8.1.JPG,302,16.8874,0,255
364,D66-G1-T8.1.JPG,575,119.2957,0,255
365,D66-G1-T8.1.JPG,259,67.9344,0,255
366,D66-G1-T8.1.JPG,250,0.0000,0,0
367,D66-G1-T8.1.JPG,390,89.5769,0,255
368,D66-G1-T8.1.JPG,17,0.0000,0,0
369,D66-G1-T8.1.JPG,569,0.0000,0,0
370,D66-G1-T8.1.JPG,222,0.0000,0,0
371,D66-G1-T8.1.JPG,127,0.0000,0,0
372,D66-G1-T8.1.JPG,966,76.5528,0,255
373,D66-G1-T8.1.JPG,119,0.0000,0,0
374,D66-G1-T8.1.JPG,584,154.5719,0,255
375,D66-G1-T8.1.JPG,336,140.4018,0,255
376,D66-G1-T8.1.JPG,2,0.0000,0,0
377,D66-G1-T8.1.JPG,485,141.4330,0,255
378,D66-G1-T8.1.JPG,99,0.0000,0,0
379,D66-G1-T8.1.JPG,637,121.6954,0,255
380,D66-G1-T8.1.JPG,287,110.1742,0,255
381,D66-G1-T8.1.JPG,113,0.0000,0,0
382,D66-G1-T8.1.JPG,383,27.9634,0,255
383,D66-G1-T8.1.JPG,604,146.9205,0,255
384,D66-G1-T8.1.JPG,484,136.4566,0,255
385,D66-G1-T8.1.JPG,236,58.3475,0,255
386,D66-G1-T8.1.JPG,236,0.0000,0,0
387,D66-G1-T8.1.JPG,409,106.6137,0,255
388,D66-G1-T8.1.JPG,267,124.1573,0,255
389,D66-G1-T8.1.JPG,382,0.6675,0,255
390,D66-G1-T8.1.JPG,237,125.8861,0,255
391,D66-G1-T8.1.JPG,245,78.0612,0,255
392,D66-G1-T8.1.JPG,423,125.9929,0,255
393,D66-G1-T8.1.JPG,421,148.3967,0,255
394,D66-G1-T8.1.JPG,53,0.0000,0,0
395,D66-G1-T8.1.JPG,316,88.7658,0,255
396,D66-G1-T8.1.JPG,500,114.2400,0,255
397,D66-G1-T8.1.JPG,502,60.9562,0,255
398,D66-G1-T8.1.JPG,650,111.0231,0,255
399,D66-G1-T8.1.JPG,788,92.2272,0,255
400,D66-G1-T8.1.JPG,531,19.6893,0,255
401,D66-G1-T8.1.JPG,244,90.9221,0,255
402,D66-G1-T8.1.JPG,322,87.9037,0,255
403,D66-G1-T8.1.JPG,406,24.4951,0,255
404,D66-G1-T8.1.JPG,571,81.2785,0,255
405,D66-G1-T8.1.JPG,379,97.5594,0,255
406,D66-G1-T8.1.JPG,359,93.7604,0,255
407,D66-G1-T8.1.JPG,316,99.2563,0,255
408,D66-G1-T8.1.JPG,254,17.0669,0,255
409,D66-G1-T8.1.JPG,514,140.3988,0,255
410,D66-G1-T8.1.JPG,364,144.3132,0,255
411,D66-G1-T8.1.JPG,420,117.1786,0,255
412,D66-G1-T8.1.JPG,1185,115.9873,0,255
413,D66-G1-T8.1.JPG,214,0.0000,0,0
414,D66-G1-T8.1.JPG,271,102.5646,0,255
415,D66-G1-T8.1.JPG,319,103.1191,0,255
416,D66-G1-T8.1.JPG,136,0.0000,0,0
417,D66-G1-T8.1.JPG,343,109.2857,0,255
418,D66-G1-T8.1.JPG,298,98.4060,0,255
419,D66-G1-T8.1.JPG,452,72.2124,0,255
420,D66-G1-T8.1.JPG,17,0.0000,0,0
421,D66-G1-T8.1.JPG,37,0.0000,0,0
422,D66-G1-T8.1.JPG,276,62.8261,0,255
423,D66-G1-T8.1.JPG,267,86.9101,0,255
424,D66-G1-T8.1.JPG,197,134.6193,0,255
425,D66-G1-T8.1.JPG,217,0.0000,0,0
426,D66-G1-T8.1.JPG,1578,84.5152,0,255
427,D66-G1-T8.1.JPG,1296,57.0602,0,255
428,D66-G1-T8.1.JPG,127,0.0000,0,0
429,D66-G1-T8.1.JPG,508,156.6142,0,255
430,D66-G1-T8.1.JPG,437,126.0412,0,255
431,D66-G1-T8.1.JPG,326,71.1810,0,255
432,D66-G1-T8.1.JPG,804,134.1604,0,255
433,D66-G1-T8.1.JPG,306,75.8333,0,255
434,D66-G1-T8.1.JPG,83,0.0000,0,0
435,D66-G1-T8.1.JPG,322,125.9161,0,255
436,D66-G1-T8.1.JPG,314,129.1242,0,255
437,D66-G1-T8.1.JPG,374,72.2727,0,255
438,D66-G1-T8.1.JPG,254,94.3701,0,255
439,D66-G1-T8.1.JPG,334,109.9401,0,255
440,D66-G1-T8.1.JPG,282,75.0532,0,255
441,D66-G1-T8.1.JPG,622,140.6190,0,255
442,D66-G1-T8.1.JPG,320,98.8125,0,255
443,D66-G1-T8.1.JPG,420,134.7857,0,255
444,D66-G1-T8.1.JPG,415,12.9036,0,255
445,D66-G1-T8.1.JPG,221,0.0000,0,0
446,D66-G1-T8.1.JPG,207,9.8551,0,255
447,D66-G1-T8.1.JPG,242,48.4711,0,255
448,D66-G1-T8.1.JPG,512,125.5078,0,255
449,D66-G1-T8.1.JPG,521,151.2380,0,255
450,D66-G1-T8.1.JPG,350,157.3714,0,255
451,D66-G1-T8.1.JPG,275,108.4909,0,255
452,D66-G1-T8.1.JPG,416,110.9495,0,255
453,D66-G1-T8.1.JPG,310,120.0968,0,255
454,D66-G1-T8.1.JPG,470,133.4681,0,255
455,D66-G1-T8.1.JPG,12,0.0000,0,0
456,D66-G1-T8.1.JPG,260,109.8462,0,255
457,D66-G1-T8.1.JPG,416,88.2692,0,255
458,D66-G1-T8.1.JPG,507,0.0000,0,0
459,D66-G1-T8.1.JPG,263,118.2890,0,255
460,D66-G1-T8.1.JPG,169,0.0000,0,0
461,D66-G1-T8.1.JPG,92,2.7717,0,255
462,D66-G1-T8.1.JPG,213,0.0000,0,0
463,D66-G1-T8.1.JPG,116,68.1466,0,255
464,D66-G1-T8.1.JPG,785,90.3057,0,255
465,D66-G1-T8.1.JPG,277,63.5199,0,255
466,D66-G1-T8.1.JPG,395,111.0380,0,255
467,D66-G1-T8.1.JPG,377,0.0000,0,0
468,D66-G1-T8.1.JPG,1160,102.6595,0,255
469,D66-G1-T8.1.JPG,207,0.0000,0,0
470,D66-G1-T8.1.JPG,341,63.5630,0,255
471,D66-G1-T8.1.JPG,511,127.2505,0,255
472,D66-G1-T8.1.JPG,321,68.3178,0,255
473,D66-G1-T8.1.JPG,8,0.0000,0,0
474,D66-G1-T8.1.JPG,471,140.2229,0,255
475,D66-G1-T8.1.JPG,253,51.4032,0,255
476,D66-G1-T8.1.JPG,316,134.7627,0,255
477,D66-G1-T8.1.JPG,581,148.7866,0,255
478,D66-G1-T8.1.JPG,611,20.8674,0,255
479,D66-G1-T8.1.JPG,396,137.1591,0,255
480,D66-G1-T8.1.JPG,6,0.0000,0,0
481,D66-G1-T8.1.JPG,320,52.5938,0,255
482,D66-G1-T8.1.JPG,336,143.4375,0,255
483,D66-G1-T8.1.JPG,831,88.0686,0,255
484,D66-G1-T8.1.JPG,505,73.7228,0,255
485,D66-G1-T8.1.JPG,649,146.9492,0,255
486,D66-G1-T8.1.JPG,270,94.4444,0,255
487,D66-G1-T8.1.JPG,322,152.8416,0,255
488,D66-G1-T8.1.JPG,334,117.5749,0,255
489,D66-G1-T8.1.JPG,910,111.8077,0,255
490,D66-G1-T8.1.JPG,563,88.7744,0,255
491,D66-G1-T8.1.JPG,566,134.2580,0,255
492,D66-G1-T8.1.JPG,648,99.9537,0,255
493,D66-G1-T8.1.JPG,219,0.0000,0,0
494,D66-G1-T8.1.JPG,352,116.6335,0,255
495,D66-G1-T8.1.JPG,322,71.2733,0,255
496,D66-G1-T8.1.JPG,378,147.0635,0,255
497,D66-G1-T8.1.JPG,424,0.0000,0,0
498,D66-G1-T8.1.JPG,269,0.0000,0,0
499,D66-G1-T8.1.JPG,536,109.8974,0,255
500,D66-G1-T8.1.JPG,554,127.0397,0,255
501,D66-G1-T8.1.JPG,467,157.2591,0,255
502,D66-G1-T8.1.JPG,361,40.2632,0,255
503,D66-G1-T8.1.JPG,673,134.1308,0,255
504,D66-G1-T8.1.JPG,271,118.5609,0,255
505,D66-G1-T8.1.JPG,349,123.4814,0,255
506,D66-G1-T8.1.JPG,353,127.1388,0,255
507,D66-G1-T8.1.JPG,514,122.5389,0,255
508,D66-G1-T8.1.JPG,138,0.0000,0,0
509,D66-G1-T8.1.JPG,249,17.4096,0,255
510,D66-G1-T8.1.JPG,117,0.0000,0,0
511,D66-G1-T8.1.JPG,217,12.9263,0,255
512,D66-G1-T8.1.JPG,524,116.3073,0,255
513,D66-G1-T8.1.JPG,307,112.1336,0,255
514,D66-G1-T8.1.JPG,645,110.6977,0,255
515,D66-G1-T8.1.JPG,468,153.1090,0,255
516,D66-G1-T8.1.JPG,670,0.0000,0,0
517,D66-G1-T8.1.JPG,223,68.6099,0,255
518,D66-G1-T8.1.JPG,462,162.8247,0,255
519,D66-G1-T8.1.JPG,309,81.6990,0,255
520,D66-G1-T8.1.JPG,236,152.3517,0,255
521,D66-G1-T8.1.JPG,7,0.0000,0,0
522,D66-G1-T8.1.JPG,215,0.0000,0,0
523,D66-G1-T8.1.JPG,292,0.0000,0,0
524,D66-G1-T8.1.JPG,203,115.5665,0,255
525,D66-G1-T8.1.JPG,176,179.6591,0,255
526,D66-G1-T8.1.JPG,107,147.7570,0,255
527,D66-G1-T8.1.JPG,122,89.8770,0,255
528,D66-G1-T8.1.JPG,132,48.2955,0,255
529,D66-G1-T8.1.JPG,99,72.1212,0,255
530,D66-G1-T8.1.JPG,18,0.0000,0,0
531,D66-G1-T8.1.JPG,3,0.0000,0,0
532,S7-T8-P1.1.JPG,5430,188.1271,0,255
533,S7-T8-P1.1.JPG,7591,97.6195,0,255
534,S7-T8-P1.1.JPG,882,0.0000,0,0
535,S7-T8-P1.1.JPG,768,13.6133,0,255
536,S7-T8-P1.1.JPG,850,75.9000,0,255
537,S7-T8-P1.1.JPG,634,6.8375,0,255
538,S7-T8-P1.1.JPG,591,0.0000,0,0
539,S7-T8-P1.1.JPG,1178,153.0433,0,255
540,S7-T8-P1.1.JPG,2870,12.2613,0,255
541,S7-T8-P1.1.JPG,950,0.0000,0,0
542,S7-T8-P1.1.JPG,788,3.5596,0,255
543,S7-T8-P1.1.JPG,1118,0.0000,0,0
544,S7-T8-P1.1.JPG,1048,0.0000,0,0
545,S7-T8-P1.1.JPG,1910,152.5995,0,255
546,S7-T8-P1.1.JPG,2811,137.1612,0,255
547,S7-T8-P1.1.JPG,884,0.0000,0,0
548,S7-T8-P1.1.JPG,802,0.0000,0,0
549,S7-T8-P1.1.JPG,765,37.3333,0,255
550,S7-T8-P1.1.JPG,581,173.3649,0,255
551,S7-T8-P1.1.JPG,3445,36.4920,0,255
552,S7-T8-P1.1.JPG,3579,56.7142,0,255
553,S7-T8-P1.1.JPG,1125,121.9467,0,255
554,S7-T8-P1.1.JPG,1791,0.0000,0,0
555,S7-T8-P1.1.JPG,1730,2.0636,0,255
556,S7-T8-P1.1.JPG,3992,39.8597,0,255
557,S7-T8-P1.1.JPG,651,0.7834,0,255
558,S7-T8-P1.1.JPG,414,14.1667,0,255
559,S7-T8-P1.1.JPG,1608,114.6549,0,255
560,S7-T8-P1.1.JPG,4493,76.2219,0,255
561,S7-T8-P1.1.JPG,1389,53.2397,0,255
562,S7-T8-P1.1.JPG,1078,4.7310,0,255
563,S7-T8-P1.1.JPG,1866,122.9904,0,255
564,S7-T8-P1.1.JPG,1109,0.0000,0,0
565,S7-T8-P1.1.JPG,1503,66.3373,0,255
566,S7-T8-P1.1.JPG,605,0.0000,0,0
567,S7-T8-P1.1.JPG,773,0.0000,0,0
568,S7-T8-P1.1.JPG,777,0.0000,0,0
569,S7-T8-P1.1.JPG,5277,193.5333,0,255
570,S7-T8-P1.1.JPG,2645,6.8450,0,255
571,S7-T8-P1.1.JPG,1622,161.6153,0,255
572,S7-T8-P1.1.JPG,2772,125.6602,0,255
573,S7-T8-P1.1.JPG,419,250.1313,0,255
574,S7-T8-P1.1.JPG,2546,3.0047,0,255
575,S7-T8-P1.1.JPG,1553,0.0000,0,0
576,S7-T8-P1.1.JPG,1495,144.3010,0,255
577,S7-T8-P1.1.JPG,812,0.0000,0,0
578,S7-T8-P1.1.JPG,161854,212.1481,0,255
579,S7-T8-P1.1.JPG,1554,154.9035,0,255
580,S7-T8-P1.1.JPG,1333,22.9557,0,255
581,S7-T8-P1.1.JPG,420,0.0000,0,0
582,S7-T8-P1.1.JPG,1565,141.1054,0,255
583,S7-T8-P1.1.JPG,786,0.0000,0,0
584,S7-T8-P1.1.JPG,750,0.0000,0,0
585,S7-T8-P1.1.JPG,1363,0.3742,0,255
586,S7-T8-P1.1.JPG,18,0.0000,0,0
587,S7-T8-P1.1.JPG,1546,0.0000,0,0
588,S7-T8-P1.1.JPG,1071,5.7143,0,255
589,S7-T8-P1.1.JPG,547,0.0000,0,0
590,S7-T8-P1.1.JPG,744,0.6855,0,255
591,S7-T8-P1.1.JPG,1018,0.0000,0,0
592,S7-T8-P1.1.JPG,1079,36.3948,0,255
593,S7-T8-P1.1.JPG,2833,88.9305,0,255
594,S7-T8-P1.1.JPG,447,220.2013,0,255
595,S7-T8-P1.1.JPG,2204,90.4764,0,255
596,S7-T8-P1.1.JPG,3352,9.8135,0,255
597,S7-T8-P1.1.JPG,4650,168.0806,0,255
598,S7-T8-P1.1.JPG,981,135.1682,0,255
599,S7-T8-P1.1.JPG,2062,79.1465,0,255
600,S7-T8-P1.1.JPG,4611,146.4411,0,255
601,S7-T8-P1.1.JPG,704,0.0000,0,0
602,S7-T8-P1.1.JPG,1408,123.5156,0,255
603,S7-T8-P1.1.JPG,1,0.0000,0,0
604,S7-T8-P1.1.JPG,1166,0.0000,0,0
605,S7-T8-P1.1.JPG,788,0.0000,0,0
606,S7-T8-P1.1.JPG,4,255.0000,255,255
607,S7-T8-P1.1.JPG,2349,152.9566,0,255
608,S7-T8-P1.1.JPG,725,0.0000,0,0
609,S7-T8-P1.1.JPG,1662,145.1444,0,255
610,S7-T8-P1.1.JPG,595,0.4286,0,255
611,S7-T8-P1.1.JPG,407,147.2359,0,255
612,S7-T8-P1.1.JPG,1051,0.0000,0,0
613,S7-T8-P1.1.JPG,19951,131.8648,0,255
614,S7-T8-P1.1.JPG,1825,152.0219,0,255
615,S7-T8-P1.1.JPG,659,115.3111,0,255
616,S7-T8-P1.1.JPG,1072,38.0597,0,255
617,S7-T8-P1.1.JPG,2,0.0000,0,0
618,S7-T8-P1.1.JPG,2946,109.9287,0,255
619,S7-T8-P1.1.JPG,364,129.6016,0,255
620,S7-T8-P1.1.JPG,447,63.3221,0,255
